/*
 * 유저
 */
INSERT INTO BANK.TB_USERS (USER_NO, USER_NAME, USER_ID, USER_PW, USER_GENDER, USER_EMAIL, USER_PHONE_NO, USER_ADDRESS, USER_RESIDENT_ID, USER_STATUS, USER_BIRTH, USER_REGISTER_DT, FAMILY_ID)
VALUES (1 , '김철수', 'kim', 'qq', '남성', 'kimcs@example.com', '010-1234-5678', '서울시 강남구 테헤란로 123', '800101-1234567', 'ACTIVE', TO_DATE('1980-01-01', 'YYYY-MM-DD'), SYSDATE, null);

INSERT INTO BANK.TB_USERS (USER_NO, USER_NAME, USER_ID, USER_PW, USER_GENDER, USER_EMAIL, USER_PHONE_NO, USER_ADDRESS, USER_RESIDENT_ID, USER_STATUS, USER_BIRTH, USER_REGISTER_DT, FAMILY_ID)
VALUES (2, '이영희', 'lee', 'qq', '여성', 'leeyh@example.com', '010-1122-3344', '서울시 서초구 서초대로 456', '850505-2345678', 'ACTIVE', TO_DATE('1985-05-05', 'YYYY-MM-DD'), SYSDATE, null);

/*
 * 계좌
 */
INSERT INTO BANK.TB_ACCOUNT (ACCOUNT_NO, USER_NO, ACCOUNT_NAME, ACCOUNT_PASSWORD, ACCOUNT_BALANCE, ACCOUNT_CREATE_DATE, ACCOUNT_STATUS, BANK_CODE, ACCOUNT_TYPE, ACCOUNT_LIMIT, ACCOUNT_EXPIRE_DATE)
VALUES ('110-123-456789', 1, '김철수의 하나은행 계좌', 1234, 1000000, SYSDATE - 365, 1, 101, 1, NULL, NULL);
INSERT INTO BANK.TB_ACCOUNT (ACCOUNT_NO, USER_NO, ACCOUNT_NAME, ACCOUNT_PASSWORD, ACCOUNT_BALANCE, ACCOUNT_CREATE_DATE, ACCOUNT_STATUS, BANK_CODE, ACCOUNT_TYPE, ACCOUNT_LIMIT, ACCOUNT_EXPIRE_DATE)
VALUES ('110-123-456777', 1, '김철수의 국민은행 계좌', 1234, 100000, SYSDATE - 365, 1, 102, 1, NULL, NULL);
INSERT INTO BANK.TB_ACCOUNT (ACCOUNT_NO, USER_NO, ACCOUNT_NAME, ACCOUNT_PASSWORD, ACCOUNT_BALANCE, ACCOUNT_CREATE_DATE, ACCOUNT_STATUS, BANK_CODE, ACCOUNT_TYPE, ACCOUNT_LIMIT, ACCOUNT_EXPIRE_DATE)
VALUES ('110-123-456888', 1, '김철수의 신한은행 계좌', 1234, 200000, SYSDATE - 365, 1, 103, 1, NULL, NULL);

INSERT INTO BANK.TB_ACCOUNT (ACCOUNT_NO, USER_NO, ACCOUNT_NAME, ACCOUNT_PASSWORD, ACCOUNT_BALANCE, ACCOUNT_CREATE_DATE, ACCOUNT_STATUS, BANK_CODE, ACCOUNT_TYPE, ACCOUNT_LIMIT, ACCOUNT_EXPIRE_DATE)
VALUES ('110-987-654321', 2, '이영희의 하나은행 계좌', 5678, 500000, SYSDATE - 200, 1, 101, 1, NULL, NULL);

/*
 * 계좌 거래내역
 */
INSERT INTO BANK.TB_BANKSTATEMENT (TRANSACTION_NO, ACCOUNT_NO, TRANSACTION_AMOUNT, TRANSACTION_DATE, TRANSACTION_TYPE, ACCOUNT_BALANCE, USER_NO, BEFORE_BALANCE, ACCOUNT_NO_TO)
VALUES (1, '110-123-456789', -50000, SYSDATE - 5, 2, 950000, 1, 1000000, '110-987-654321');

INSERT INTO BANK.TB_BANKSTATEMENT (TRANSACTION_NO, ACCOUNT_NO, TRANSACTION_AMOUNT, TRANSACTION_DATE, TRANSACTION_TYPE, ACCOUNT_BALANCE, USER_NO, BEFORE_BALANCE, ACCOUNT_NO_TO)
VALUES (2, '110-987-654321', 50000, SYSDATE - 5, 1, 550000, 2, 500000, '110-123-456789');

/*
 * 대출
 */
INSERT INTO BANK.TB_LOAN (LOAN_ID, LOAN_TYPE, LOAN_AMOUNT, LOAN_DATE, LOAN_STATE, LOAN_TERM, USER_NO, LOAN_CODE, LOAN_END_DATE, LOAN_NAME, LOAN_RATE, LOAN_BALANCE, LOAN_INTEREST, LOAN_ACCOUNT, LOAN_BANK, LOAN_REPAYMENT_DATE, LOAN_MONTYLY_REPAYMENT)
VALUES ('LN-123456', '주택담보대출', 200000000, SYSDATE - 180, 1, 360, 1, 'LN001', SYSDATE + 1080, '김철수의 주택담보대출', 2.5, 195000000, 5000000, '110-123-456789', '하나은행', SYSDATE + 30, 1000000);

INSERT INTO BANK.TB_LOAN (LOAN_ID, LOAN_TYPE, LOAN_AMOUNT, LOAN_DATE, LOAN_STATE, LOAN_TERM, USER_NO, LOAN_CODE, LOAN_END_DATE, LOAN_NAME, LOAN_RATE, LOAN_BALANCE, LOAN_INTEREST, LOAN_ACCOUNT, LOAN_BANK, LOAN_REPAYMENT_DATE, LOAN_MONTYLY_REPAYMENT)
VALUES ('LN-123457', '주택담보대출', 200000000, SYSDATE - 180, 1, 360, 1, 'LN001', SYSDATE + 1080, '이영희의 주택담보대출', 2.5, 195000000, 5000000, '110-987-654321', '하나은행', SYSDATE + 30, 1000000);
